{
  "Parameters" : {
    "HasBaseTexture" : 0.000000,
    "HasNormalTexture" : 0.000000,
    "MaterialParam" : [128.000000, 0.100000, 0.000000, 0.000000],
    "SectionColor" : [0.200000, 0.500000, 1.000000, 1.000000],
    "SpecularPower" : 128.000000,
    "SpecularStrength" : 0.100000,
    "StaticMeshMaterialPadding" : null
  },
  "PathFileName" : "Asset/Materials/Atmosphere.json",
  "RenderPass" : "Opaque"
}