{
  "Parameters" : {
    "HasBaseTexture" : 0.000000,
    "HasNormalTexture" : 0.000000,
    "MaterialParam" : [0.000000, 0.000000, 0.000000, 0.000000],
    "SectionColor" : [1.000000, 1.000000, 0.000000, 1.000000],
    "SpecularPower" : 0.000000,
    "SpecularStrength" : 0.000000,
    "StaticMeshMaterialPadding" : null
  },
  "PathFileName" : "Asset/Content/Materials/_Basic/Basic_Yellow.json"
}